year,month,day,hour,minute,web01prdjc,web02prdjc,web01stgjc,webo2stgjc
2013,07,11,08,01,up,up,,
2013,07,11,08,02,up,up,,
2013,07,11,08,03,up,up,,
2013,07,11,08,04,up,up,,
2013,07,11,08,05,up,up,,
2013,07,11,08,06,up,up,,
2013,07,11,08,07,up,up,,
2013,07,11,08,08,up,up,,
2013,07,11,08,09,up,up,,
2013,07,11,08,10,up,up,,
2013,07,11,08,11,up,up,,
2013,07,11,08,12,up,up,,
2013,07,11,08,13,up,up,,
2013,07,11,08,14,up,up,,
2013,07,11,08,15,up,up,,
2013,07,11,08,16,up,up,,
2013,07,11,08,17,up,up,,
2013,07,11,08,18,up,up,,
2013,07,11,08,19,up,up,,
2013,07,11,08,20,up,up,,
2013,07,11,08,21,up,up,,
2013,07,11,08,22,up,up,,
2013,07,11,08,23,up,up,,
2013,07,11,08,24,up,up,,
2013,07,11,08,25,up,up,,
2013,07,11,08,26,up,up,,
2013,07,11,08,27,up,up,,
2013,07,11,08,28,up,up,,
2013,07,11,08,29,up,up,,
2013,07,11,08,30,up,up,,
2013,07,11,08,31,up,up,,
2013,07,11,08,32,up,up,,
2013,07,11,08,33,up,up,,
2013,07,11,08,34,up,up,,
2013,07,11,08,35,up,up,,
2013,07,11,08,36,up,up,,
2013,07,11,08,37,up,up,,
2013,07,11,08,38,up,up,,
2013,07,11,08,39,up,up,,
2013,07,11,08,40,up,up,,
2013,07,11,08,41,up,up,,
2013,07,11,08,42,up,up,,
2013,07,11,08,43,up,up,,
2013,07,11,08,44,up,up,,
2013,07,11,08,45,up,up,,
2013,07,11,08,46,up,up,,
2013,07,11,08,47,up,up,,
2013,07,11,08,48,up,up,,
2013,07,11,08,49,up,up,,
2013,07,11,08,50,up,up,,
2013,07,11,08,51,up,up,,
2013,07,11,08,52,up,up,,
2013,07,11,08,53,up,up,,
2013,07,11,08,54,up,up,,
2013,07,11,08,55,up,up,,
2013,07,11,08,56,up,up,,
2013,07,11,08,57,up,up,,
2013,07,11,08,58,up,up,,
2013,07,11,08,59,up,up,,
2013,07,11,09,00,up,up,,
2013,07,11,09,01,up,up,,
2013,07,11,09,02,up,up,,
2013,07,11,09,03,up,up,,
2013,07,11,09,04,up,up,,
2013,07,11,09,05,up,up,,
2013,07,11,09,06,up,up,,
2013,07,11,09,07,up,up,,
2013,07,11,09,08,up,up,,
2013,07,11,09,09,up,up,,
2013,07,11,09,10,up,up,,
2013,07,11,09,11,up,up,,
2013,07,11,09,12,up,up,,
2013,07,11,09,13,up,up,,
2013,07,11,09,14,up,up,,
2013,07,11,09,15,up,up,,
2013,07,11,09,16,up,up,,
2013,07,11,09,17,up,up,,
2013,07,11,09,18,up,up,,
2013,07,11,09,19,up,up,,
2013,07,11,09,20,up,up,,
2013,07,11,09,21,up,up,,
2013,07,11,09,22,up,up,,
2013,07,11,09,23,up,up,,
2013,07,11,09,24,up,up,,
2013,07,11,09,25,up,up,,
2013,07,11,09,26,up,up,,
2013,07,11,09,27,up,up,,
2013,07,11,09,28,up,up,,
2013,07,11,09,29,up,up,,
2013,07,11,09,30,up,up,,
2013,07,11,09,31,up,up,,
2013,07,11,09,32,up,up,,
2013,07,11,09,33,up,up,,
2013,07,11,09,34,up,up,,
2013,07,11,09,35,up,up,,
2013,07,11,09,36,up,up,,
2013,07,11,09,37,up,up,,
2013,07,11,09,38,up,up,,
2013,07,11,09,39,up,up,,
2013,07,11,09,40,up,up,,
2013,07,11,09,41,up,up,,
2013,07,11,09,42,up,up,,
2013,07,11,09,43,up,up,,
2013,07,11,09,44,up,up,,
2013,07,11,09,45,up,up,,
2013,07,11,09,46,up,up,,
2013,07,11,09,47,up,up,,
2013,07,11,09,48,up,up,,
2013,07,11,09,49,up,up,,
2013,07,11,09,50,up,up,,
2013,07,11,09,51,up,up,,
2013,07,11,09,52,up,up,,
2013,07,11,09,53,up,up,,
2013,07,11,09,54,up,up,,
2013,07,11,09,55,up,up,,
2013,07,11,09,56,up,up,,
2013,07,11,09,57,up,up,,
2013,07,11,09,58,up,up,,
2013,07,11,09,59,up,up,,
2013,07,11,10,00,up,up,,
2013,07,11,10,01,up,up,,
2013,07,11,10,02,up,up,,
2013,07,11,10,03,up,up,,
2013,07,11,10,04,up,up,,
2013,07,11,10,05,up,up,,
2013,07,11,10,06,up,up,,
2013,07,11,10,07,up,up,,
2013,07,11,10,08,up,up,,
2013,07,11,10,09,up,up,,
2013,07,11,10,10,up,up,,
2013,07,11,10,11,up,up,,
2013,07,11,10,12,up,up,,
2013,07,11,10,13,up,up,,
2013,07,11,10,14,up,up,,
2013,07,11,10,15,up,up,,
2013,07,11,10,16,up,up,,
2013,07,11,10,17,up,up,,
2013,07,11,10,18,up,up,,
2013,07,11,10,19,up,up,,
2013,07,11,10,20,up,up,,
2013,07,11,10,21,up,up,,
2013,07,11,10,22,up,up,,
2013,07,11,10,23,up,up,,
2013,07,11,10,24,up,up,,
2013,07,11,10,25,up,up,,
2013,07,11,10,26,up,up,,
2013,07,11,10,27,up,up,,
2013,07,11,10,28,up,up,,
2013,07,11,10,29,up,up,,
2013,07,11,10,30,up,up,,
2013,07,11,10,31,up,up,,
2013,07,11,10,32,up,up,,
2013,07,11,10,33,up,up,,
2013,07,11,10,34,up,up,,
2013,07,11,10,35,up,up,,
2013,07,11,10,36,up,up,,
2013,07,11,10,37,up,up,,
2013,07,11,10,38,up,up,,
2013,07,11,10,39,up,up,,
2013,07,11,10,40,up,up,,
2013,07,11,10,41,up,up,,
2013,07,11,10,42,up,up,,
2013,07,11,10,43,up,up,,
2013,07,11,10,44,up,up,,
2013,07,11,10,45,up,up,,
2013,07,11,10,46,up,up,,
2013,07,11,10,47,up,up,,
2013,07,11,10,48,up,up,,
2013,07,11,10,49,up,up,,
2013,07,11,10,50,up,up,,
2013,07,11,10,51,up,up,,
2013,07,11,10,52,up,up,,
2013,07,11,10,53,up,up,,
2013,07,11,10,54,up,up,,
2013,07,11,10,55,up,up,,
2013,07,11,10,56,up,up,,
2013,07,11,10,57,up,up,,
2013,07,11,10,58,up,up,,
2013,07,11,10,59,up,up,,
2013,07,11,11,00,up,up,,
2013,07,11,11,01,up,up,,
2013,07,11,11,02,up,up,,
2013,07,11,11,03,up,up,,
2013,07,11,11,04,up,up,,
2013,07,11,11,05,up,up,,
2013,07,11,11,06,up,up,,
2013,07,11,11,07,up,up,,
2013,07,11,11,08,up,up,,
2013,07,11,11,09,up,up,,
2013,07,11,11,10,up,up,,
2013,07,11,11,11,up,up,,
2013,07,11,11,12,up,up,,
2013,07,11,11,13,up,up,,
2013,07,11,11,14,up,up,,
2013,07,11,11,15,up,up,,
2013,07,11,11,16,up,up,,
2013,07,11,11,17,up,up,,
2013,07,11,11,18,up,up,,
2013,07,11,11,19,up,up,,
2013,07,11,11,20,up,up,,
2013,07,11,11,21,up,up,,
2013,07,11,11,22,up,up,,
2013,07,11,11,23,up,up,,
2013,07,11,11,24,up,up,,
2013,07,11,11,25,up,up,,
2013,07,11,11,26,up,up,,
2013,07,11,11,27,up,up,,
2013,07,11,11,28,up,up,,
2013,07,11,11,29,up,up,,
2013,07,11,11,30,up,up,,
2013,07,11,11,31,up,up,,
2013,07,11,11,32,up,up,,
2013,07,11,11,33,up,up,,
2013,07,11,11,34,up,up,,
2013,07,11,11,35,up,up,,
2013,07,11,11,36,up,up,,
2013,07,11,11,37,up,up,,
2013,07,11,11,38,up,up,,
2013,07,11,11,39,up,up,,
2013,07,11,11,40,up,up,,
2013,07,11,11,41,up,up,,
2013,07,11,11,42,up,up,,
2013,07,11,11,43,up,up,,
2013,07,11,11,44,up,up,,
2013,07,11,11,45,up,up,,
2013,07,11,11,46,up,up,,
2013,07,11,11,47,up,up,,
2013,07,11,11,48,up,up,,
2013,07,11,11,49,up,up,,
2013,07,11,11,50,up,up,,
2013,07,11,11,51,up,up,,
2013,07,11,11,52,up,up,,
2013,07,11,11,53,up,up,,
2013,07,11,11,54,up,up,,
2013,07,11,11,55,up,up,,
2013,07,11,11,56,up,up,,
2013,07,11,11,57,up,up,,
2013,07,11,11,58,up,up,,
2013,07,11,11,59,up,up,,
2013,07,11,12,00,up,up,,
2013,07,11,12,01,up,up,,
2013,07,11,12,02,up,up,,
2013,07,11,12,03,up,up,,
2013,07,11,12,04,up,up,,
2013,07,11,12,05,up,up,,
2013,07,11,12,06,up,up,,
2013,07,11,12,07,up,up,,
2013,07,11,12,08,up,up,,
2013,07,11,12,09,up,up,,
2013,07,11,12,10,up,up,,
2013,07,11,12,11,up,up,,
2013,07,11,12,12,up,up,,
2013,07,11,12,13,up,up,,
2013,07,11,12,14,up,up,,
2013,07,11,12,15,up,up,,
2013,07,11,12,16,up,up,,
2013,07,11,12,17,up,up,,
2013,07,11,12,18,up,up,,
2013,07,11,12,19,up,up,,
2013,07,11,12,20,up,up,,
2013,07,11,12,21,up,up,,
2013,07,11,12,22,up,up,,
2013,07,11,12,23,up,up,,
2013,07,11,12,24,up,up,,
2013,07,11,12,25,up,up,,
2013,07,11,12,26,up,up,,
2013,07,11,12,27,up,up,,
2013,07,11,12,28,up,up,,
2013,07,11,12,29,up,up,,
2013,07,11,12,30,up,up,,
2013,07,11,12,31,up,up,,
2013,07,11,12,32,up,up,,
2013,07,11,12,33,up,up,,
2013,07,11,12,34,up,up,,
2013,07,11,12,35,up,up,,
2013,07,11,12,36,up,up,,
2013,07,11,12,37,up,up,,
2013,07,11,12,38,up,up,,
2013,07,11,12,39,up,up,,
2013,07,11,12,40,up,up,,
2013,07,11,12,41,up,up,,
2013,07,11,12,42,up,up,,
2013,07,11,12,43,up,up,,
2013,07,11,12,44,up,up,,
2013,07,11,12,45,up,up,,
2013,07,11,12,46,up,up,,
2013,07,11,12,47,up,up,,
2013,07,11,12,48,up,up,,
2013,07,11,12,49,up,up,,
2013,07,11,12,50,up,up,,
2013,07,11,12,51,up,up,,
2013,07,11,12,52,up,up,,
2013,07,11,12,53,up,up,,
2013,07,11,12,54,up,up,,
2013,07,11,12,55,up,up,,
2013,07,11,12,56,up,up,,
2013,07,11,12,57,up,up,,
2013,07,11,12,58,up,up,,
2013,07,11,12,59,up,up,,
2013,07,11,13,00,up,up,,
2013,07,11,13,01,up,up,,
2013,07,11,13,02,up,up,,
2013,07,11,13,03,up,up,,
2013,07,11,13,04,up,up,,
2013,07,11,13,05,up,up,,
2013,07,11,13,06,up,up,,
2013,07,11,13,07,up,up,,
2013,07,11,13,08,up,up,,
2013,07,11,13,09,up,up,,
2013,07,11,13,10,up,up,,
2013,07,11,13,11,up,up,,
2013,07,11,13,12,up,up,,
2013,07,11,13,13,up,up,,
2013,07,11,13,14,up,up,,
2013,07,11,13,15,up,up,,
2013,07,11,13,16,up,up,,
2013,07,11,13,17,up,up,,
2013,07,11,13,18,up,up,,
2013,07,11,13,19,up,up,,
2013,07,11,13,20,up,up,,
2013,07,11,13,21,up,up,,
2013,07,11,13,22,up,up,,
2013,07,11,13,23,up,up,,
2013,07,11,13,24,up,up,,
2013,07,11,13,25,up,up,,
2013,07,11,13,26,up,up,,
2013,07,11,13,27,up,up,,
2013,07,11,13,28,up,up,,
2013,07,11,13,29,up,up,,
2013,07,11,13,30,up,up,,
2013,07,11,13,31,up,up,,
2013,07,11,13,32,up,up,,
2013,07,11,13,33,up,up,,
2013,07,11,13,34,up,up,,
2013,07,11,13,35,up,up,,
2013,07,11,13,36,up,up,,
2013,07,11,13,37,up,up,,
2013,07,11,13,38,up,up,,
2013,07,11,13,39,up,up,,
2013,07,11,13,40,up,up,,
2013,07,11,13,41,up,up,,
2013,07,11,13,42,up,up,,
2013,07,11,13,43,up,up,,
2013,07,11,13,44,up,up,,
2013,07,11,13,45,up,up,,
2013,07,11,13,46,up,up,,
2013,07,11,13,47,up,up,,
2013,07,11,13,48,up,up,,
2013,07,11,13,49,up,up,,
2013,07,11,13,50,up,up,,
2013,07,11,13,51,up,up,,
2013,07,11,13,52,up,up,,
2013,07,11,13,53,up,up,,
2013,07,11,13,54,up,up,,
2013,07,11,13,55,up,up,,
2013,07,11,13,56,up,up,,
2013,07,11,13,57,up,up,,
2013,07,11,13,58,up,up,,
2013,07,11,13,59,up,up,,
2013,07,11,14,00,up,up,,
2013,07,11,14,01,up,up,,
2013,07,11,14,02,up,up,,
2013,07,11,14,03,up,up,,
2013,07,11,14,04,up,up,,
2013,07,11,14,05,up,up,,
2013,07,11,14,06,up,up,,
2013,07,11,14,07,up,up,,
2013,07,11,14,08,up,up,,
2013,07,11,14,09,up,up,,
2013,07,11,14,10,up,up,,
2013,07,11,14,11,up,up,,
2013,07,11,14,12,up,up,,
2013,07,11,14,13,up,up,,
2013,07,11,14,14,up,up,,
2013,07,11,14,15,up,up,,
2013,07,11,14,16,up,up,,
2013,07,11,14,17,up,up,,
2013,07,11,14,18,up,up,,
2013,07,11,14,19,up,up,,
2013,07,11,14,20,up,up,,
2013,07,11,14,21,up,up,,
2013,07,11,14,22,up,up,,
2013,07,11,14,23,up,up,,
2013,07,11,14,24,up,up,,
2013,07,11,14,25,up,up,,
2013,07,11,14,26,up,up,,
2013,07,11,14,27,up,up,,
2013,07,11,14,28,up,up,,
2013,07,11,14,29,up,up,,
2013,07,11,14,30,up,up,,
2013,07,11,14,31,up,up,,
2013,07,11,14,32,up,up,,
2013,07,11,14,33,up,up,,
2013,07,11,14,34,up,up,,
2013,07,11,14,35,up,up,,
2013,07,11,14,36,up,up,,
2013,07,11,14,37,up,up,,
2013,07,11,14,38,up,up,,
2013,07,11,14,39,up,up,,
2013,07,11,14,40,up,up,,
2013,07,11,14,41,up,up,,
2013,07,11,14,42,up,up,,
2013,07,11,14,43,up,up,,
2013,07,11,14,44,up,up,,
2013,07,11,14,45,up,up,,
2013,07,11,14,46,up,up,,
2013,07,11,14,47,up,up,,
2013,07,11,14,48,up,up,,
2013,07,11,14,49,up,up,,
2013,07,11,14,50,up,up,,
2013,07,11,14,51,up,up,,
2013,07,11,14,52,up,up,,
2013,07,11,14,53,up,up,,
2013,07,11,14,54,up,up,,
2013,07,11,14,55,up,up,,
2013,07,11,14,56,up,up,,
2013,07,11,14,57,up,up,,
2013,07,11,14,58,up,up,,
2013,07,11,14,59,up,up,,
2013,07,11,15,00,up,up,,
2013,07,11,15,01,up,up,,
2013,07,11,15,02,up,up,,
2013,07,11,15,03,up,up,,
2013,07,11,15,04,up,up,,
2013,07,11,15,05,up,up,,
2013,07,11,15,06,up,up,,
2013,07,11,15,07,up,up,,
2013,07,11,15,08,up,up,,
2013,07,11,15,09,up,up,,
2013,07,11,15,10,up,up,,
2013,07,11,15,11,up,up,,
2013,07,11,15,12,up,up,,
2013,07,11,15,13,up,up,,
2013,07,11,15,14,up,up,,
2013,07,11,15,15,up,up,,
2013,07,11,15,16,up,up,,
2013,07,11,15,17,up,up,,
2013,07,11,15,18,up,up,,
2013,07,11,15,19,up,up,,
2013,07,11,15,20,up,up,,
2013,07,11,15,21,up,up,,
2013,07,11,15,22,up,up,,
2013,07,11,15,23,up,up,,
2013,07,11,15,24,up,up,,
2013,07,11,15,25,up,up,,
2013,07,11,15,26,up,up,,
2013,07,11,15,27,up,up,,
2013,07,11,15,28,up,up,,
2013,07,11,15,29,up,up,,
2013,07,11,15,30,up,up,,
2013,07,11,15,31,up,up,,
2013,07,11,15,32,up,up,,
2013,07,11,15,33,up,up,,
2013,07,11,15,34,up,up,,
2013,07,11,15,35,up,up,,
2013,07,11,15,36,up,up,,
2013,07,11,15,37,up,up,,
2013,07,11,15,38,up,up,,
2013,07,11,15,39,up,up,,
2013,07,11,15,40,up,up,,
2013,07,11,15,41,up,up,,
2013,07,11,15,42,up,up,,
2013,07,11,15,43,up,up,,
2013,07,11,15,44,up,up,,
2013,07,11,15,45,up,up,,
2013,07,11,15,46,up,up,,
2013,07,11,15,47,up,up,,
2013,07,11,15,48,up,up,,
2013,07,11,15,49,up,up,,
2013,07,11,15,50,up,up,,
2013,07,11,15,51,up,up,,
2013,07,11,15,52,up,up,,
2013,07,11,15,53,up,up,,
2013,07,11,15,54,up,up,,
2013,07,11,15,55,up,up,,
2013,07,11,15,56,up,up,,
2013,07,11,15,57,up,up,,
2013,07,11,15,58,up,up,,
2013,07,11,15,59,up,up,,
2013,07,11,16,00,up,up,,
2013,07,11,16,01,up,up,,
2013,07,11,16,02,up,up,,
2013,07,11,16,03,up,up,,
2013,07,11,16,04,up,up,,
2013,07,11,16,05,up,up,,
2013,07,11,16,06,up,up,,
2013,07,11,16,07,up,up,,
2013,07,11,16,08,up,up,,
2013,07,11,16,09,up,up,,
2013,07,11,16,10,up,up,,
2013,07,11,16,11,up,up,,
2013,07,11,16,12,up,up,,
2013,07,11,16,13,up,up,,
2013,07,11,16,14,up,up,,
2013,07,11,16,15,up,up,,
2013,07,11,16,16,up,up,,
2013,07,11,16,17,up,up,,
2013,07,11,16,18,up,up,,
2013,07,11,16,19,up,up,,
2013,07,11,16,20,up,up,,
2013,07,11,16,21,up,up,,
2013,07,11,16,22,up,up,,
2013,07,11,16,23,up,up,,
2013,07,11,16,24,up,up,,
2013,07,11,16,25,up,up,,
2013,07,11,16,26,up,up,,
2013,07,11,16,27,up,up,,
2013,07,11,16,28,up,up,,
2013,07,11,16,29,up,up,,
2013,07,11,16,30,up,up,,
2013,07,11,16,31,up,up,,
2013,07,11,16,32,up,up,,
2013,07,11,16,33,up,up,,
2013,07,11,16,34,up,up,,
2013,07,11,16,35,up,up,,
2013,07,11,16,36,up,up,,
2013,07,11,16,37,up,up,,
2013,07,11,16,38,up,up,,
2013,07,11,16,39,up,up,,
2013,07,11,16,40,up,up,,
2013,07,11,16,41,up,up,,
2013,07,11,16,42,up,up,,
2013,07,11,16,43,up,up,,
2013,07,11,16,44,up,up,,
2013,07,11,16,45,up,up,,
2013,07,11,16,46,up,up,,
2013,07,11,16,47,up,up,,
2013,07,11,16,48,up,up,,
2013,07,11,16,49,up,up,,
2013,07,11,16,50,up,up,,
2013,07,11,16,51,up,up,,
2013,07,11,16,52,up,up,,
2013,07,11,16,53,up,up,,
2013,07,11,16,54,up,up,,
2013,07,11,16,55,up,up,,
2013,07,11,16,56,up,up,,
2013,07,11,16,57,up,up,,
2013,07,11,16,58,up,up,,
2013,07,11,16,59,up,up,,
2013,07,11,17,00,up,up,,
2013,07,11,17,01,up,up,,
2013,07,11,17,02,up,up,,
2013,07,11,17,03,up,up,,
2013,07,11,17,04,up,up,,
2013,07,11,17,05,up,up,,
2013,07,11,17,06,up,up,,
2013,07,11,17,07,up,up,,
2013,07,11,17,08,up,up,,
2013,07,11,17,09,up,up,,
2013,07,11,17,10,up,up,,
2013,07,11,17,11,up,up,,
2013,07,11,17,12,up,up,,
2013,07,11,17,13,up,up,,
2013,07,11,17,14,up,up,,
2013,07,11,17,15,up,up,,
2013,07,11,17,16,up,up,,
2013,07,11,17,17,up,up,,
2013,07,11,17,18,up,up,,
2013,07,11,17,19,up,up,,
2013,07,11,17,20,up,up,,
2013,07,11,17,21,up,up,,
2013,07,11,17,22,up,up,,
2013,07,11,17,23,up,up,,
2013,07,11,17,24,up,up,,
2013,07,11,17,25,up,up,,
2013,07,11,17,26,up,up,,
2013,07,11,17,27,up,up,,
2013,07,11,17,28,up,up,,
2013,07,11,17,29,up,up,,
2013,07,11,17,30,up,up,,
2013,07,11,17,31,up,up,,
2013,07,11,17,32,up,up,,
2013,07,11,17,33,up,up,,
2013,07,11,17,34,up,up,,
2013,07,11,17,35,up,up,,
2013,07,11,17,36,up,up,,
2013,07,11,17,37,up,up,,
2013,07,11,17,38,up,up,,
2013,07,11,17,39,up,up,,
2013,07,11,17,40,up,up,,
2013,07,11,17,41,up,up,,
2013,07,11,17,42,up,up,,
2013,07,11,17,43,up,up,,
2013,07,11,17,44,up,up,,
2013,07,11,17,45,up,up,,
2013,07,11,17,46,up,up,,
2013,07,11,17,47,up,up,,
2013,07,11,17,48,up,up,,
2013,07,11,17,49,up,up,,
2013,07,11,17,50,up,up,,
2013,07,11,17,51,up,up,,
2013,07,11,17,52,up,up,,
2013,07,11,17,53,up,up,,
2013,07,11,17,54,up,up,,
2013,07,11,17,55,up,up,,
2013,07,11,17,56,up,up,,
2013,07,11,17,57,up,up,,
2013,07,11,17,58,up,up,,
2013,07,11,17,59,up,up,,
2013,07,11,18,00,up,up,,
2013,07,11,18,01,up,up,,
2013,07,11,18,02,up,up,,
2013,07,11,18,03,up,up,,
2013,07,11,18,04,up,up,,
2013,07,11,18,05,up,up,,
2013,07,11,18,06,up,up,,
2013,07,11,18,07,up,up,,
2013,07,11,18,08,up,up,,
2013,07,11,18,09,up,up,,
2013,07,11,18,10,up,up,,
2013,07,11,18,11,up,up,,
2013,07,11,18,12,up,up,,
2013,07,11,18,13,up,up,,
2013,07,11,18,14,up,up,,
2013,07,11,18,15,up,up,,
2013,07,11,18,16,up,up,,
2013,07,11,18,17,up,up,,
2013,07,11,18,18,up,up,,
2013,07,11,18,19,up,up,,
2013,07,11,18,20,up,up,,
2013,07,11,18,21,up,up,,
2013,07,11,18,22,up,up,,
2013,07,11,18,23,up,up,,
2013,07,11,18,24,up,up,,
2013,07,11,18,25,up,up,,
2013,07,11,18,26,up,up,,
2013,07,11,18,27,up,up,,
2013,07,11,18,28,up,up,,
2013,07,11,18,29,up,up,,
2013,07,11,18,30,up,up,,
2013,07,11,18,31,up,up,,
2013,07,11,18,32,up,up,,
2013,07,11,18,33,up,up,,
2013,07,11,18,34,up,up,,
2013,07,11,18,35,up,up,,
2013,07,11,18,36,up,up,,
2013,07,11,18,37,up,up,,
2013,07,11,18,38,up,up,,
2013,07,11,18,39,up,up,,
2013,07,11,18,40,up,up,,
2013,07,11,18,41,up,up,,
2013,07,11,18,42,up,up,,
2013,07,11,18,43,up,up,,
2013,07,11,18,44,up,up,,
2013,07,11,18,45,up,up,,
2013,07,11,18,46,up,up,,
2013,07,11,18,47,up,up,,
2013,07,11,18,48,up,up,,
2013,07,11,18,49,up,up,,
2013,07,11,18,50,up,up,,
2013,07,11,18,51,up,up,,
2013,07,11,18,52,up,up,,
2013,07,11,18,53,up,up,,
2013,07,11,18,54,up,up,,
2013,07,11,18,55,up,up,,
2013,07,11,18,56,up,up,,
2013,07,11,18,57,up,up,,
2013,07,11,18,58,up,up,,
2013,07,11,18,59,up,up,,
2013,07,11,19,00,up,up,,
2013,07,11,19,01,up,up,,
2013,07,11,19,02,up,up,,
2013,07,11,19,03,up,up,,
2013,07,11,19,04,up,up,,
2013,07,11,19,05,up,up,,
2013,07,11,19,06,up,up,,
2013,07,11,19,07,up,up,,
2013,07,11,19,08,up,up,,
2013,07,11,19,09,up,up,,
2013,07,11,19,10,up,up,,
2013,07,11,19,11,up,up,,
2013,07,11,19,12,up,up,,
2013,07,11,19,13,up,up,,
2013,07,11,19,14,up,up,,
2013,07,11,19,15,up,up,,
2013,07,11,19,16,up,up,,
2013,07,11,19,17,up,up,,
2013,07,11,19,18,up,up,,
2013,07,11,19,19,up,up,,
2013,07,11,19,20,up,up,,
2013,07,11,19,21,up,up,,
2013,07,11,19,22,up,up,,
2013,07,11,19,23,up,up,,
2013,07,11,19,24,up,up,,
2013,07,11,19,25,up,up,,
2013,07,11,19,26,up,up,,
2013,07,11,19,27,up,up,,
2013,07,11,19,28,up,up,,
2013,07,11,19,29,up,up,,
2013,07,11,19,30,up,up,,
2013,07,11,19,31,up,up,,
2013,07,11,19,32,up,up,,
2013,07,11,19,33,up,up,,
2013,07,11,19,34,up,up,,
2013,07,11,19,35,up,up,,
2013,07,11,19,36,up,up,,
2013,07,11,19,37,up,up,,
2013,07,11,19,38,up,up,,
2013,07,11,19,39,up,up,,
2013,07,11,19,40,up,up,,
2013,07,11,19,41,up,up,,
2013,07,11,19,42,up,up,,
2013,07,11,19,43,up,up,,
2013,07,11,19,44,up,up,,
2013,07,11,19,45,up,up,,
2013,07,11,19,46,up,up,,
2013,07,11,19,47,up,up,,
2013,07,11,19,48,up,up,,
2013,07,11,19,49,up,up,,
2013,07,11,19,50,up,up,,
2013,07,11,19,51,up,up,,
2013,07,11,19,52,up,up,,
2013,07,11,19,53,up,up,,
2013,07,11,19,54,up,up,,
2013,07,11,19,55,up,up,,
2013,07,11,19,56,up,up,,
2013,07,11,19,57,up,up,,
2013,07,11,19,58,up,up,,
2013,07,11,19,59,up,up,,
2013,07,11,20,00,up,up,,
2013,07,11,20,01,up,up,,
2013,07,11,20,02,up,up,,
2013,07,11,20,03,up,up,,
2013,07,11,20,04,up,up,,
2013,07,11,20,05,up,up,,
2013,07,11,20,06,up,up,,
2013,07,11,20,07,up,up,,
2013,07,11,20,08,up,up,,
2013,07,11,20,09,up,up,,
2013,07,11,20,10,up,up,,
2013,07,11,20,11,up,up,,
2013,07,11,20,12,up,up,,
2013,07,11,20,13,up,up,,
2013,07,11,20,14,up,up,,
2013,07,11,20,15,up,up,,
2013,07,11,20,16,up,up,,
2013,07,11,20,17,up,up,,
2013,07,11,20,18,up,up,,
2013,07,11,20,19,up,up,,
2013,07,11,20,20,up,up,,
2013,07,11,20,21,up,up,,
2013,07,11,20,22,up,up,,
2013,07,11,20,23,up,up,,
2013,07,11,20,24,up,up,,
2013,07,11,20,25,up,up,,
2013,07,11,20,26,up,up,,
2013,07,11,20,27,up,up,,
2013,07,11,20,28,up,up,,
2013,07,11,20,29,up,up,,
2013,07,11,20,30,up,up,,
2013,07,11,20,31,up,up,,
2013,07,11,20,32,up,up,,
2013,07,11,20,33,up,up,,
2013,07,11,20,34,up,up,,
2013,07,11,20,35,up,up,,
2013,07,11,20,36,up,up,,
2013,07,11,20,37,up,up,,
2013,07,11,20,38,up,up,,
2013,07,11,20,39,up,up,,
2013,07,11,20,40,up,up,,
2013,07,11,20,41,up,up,,
2013,07,11,20,42,up,up,,
2013,07,11,20,43,up,up,,
2013,07,11,20,44,up,up,,
2013,07,11,20,45,up,up,,
2013,07,11,20,46,up,up,,
2013,07,11,20,47,up,up,,
2013,07,11,20,48,up,up,,
2013,07,11,20,49,up,up,,
2013,07,11,20,50,up,up,,
2013,07,11,20,51,up,up,,
2013,07,11,20,52,up,up,,
2013,07,11,20,53,up,up,,
2013,07,11,20,54,up,up,,
2013,07,11,20,55,up,up,,
2013,07,11,20,56,up,up,,
2013,07,11,20,57,up,up,,
2013,07,11,20,58,up,up,,
2013,07,11,20,59,up,up,,
2013,07,11,21,00,up,up,,
2013,07,11,21,01,up,up,,
2013,07,11,21,02,up,up,,
2013,07,11,21,03,up,up,,
2013,07,11,21,04,up,up,,
2013,07,11,21,05,up,up,,
2013,07,11,21,06,up,up,,
2013,07,11,21,07,up,up,,
2013,07,11,21,08,up,up,,
2013,07,11,21,09,up,up,,
2013,07,11,21,10,up,up,,
2013,07,11,21,11,up,up,,
2013,07,11,21,12,up,up,,
2013,07,11,21,13,up,up,,
2013,07,11,21,14,up,up,,
2013,07,11,21,15,up,up,,
2013,07,11,21,16,up,up,,
2013,07,11,21,17,up,up,,
2013,07,11,21,18,up,up,,
2013,07,11,21,19,up,up,,
2013,07,11,21,20,up,up,,
2013,07,11,21,21,up,up,,
2013,07,11,21,22,up,up,,
2013,07,11,21,23,up,up,,
2013,07,11,21,24,up,up,,
2013,07,11,21,25,up,up,,
2013,07,11,21,26,up,up,,
2013,07,11,21,27,up,up,,
2013,07,11,21,28,up,up,,
2013,07,11,21,29,up,up,,
2013,07,11,21,30,up,up,,
2013,07,11,21,31,up,up,,
2013,07,11,21,32,up,up,,
2013,07,11,21,33,up,up,,
2013,07,11,21,34,up,up,,
2013,07,11,21,35,up,up,,
2013,07,11,21,36,up,up,,
2013,07,11,21,37,up,up,,
2013,07,11,21,38,up,up,,
2013,07,11,21,39,up,up,,
2013,07,11,21,40,up,up,,
2013,07,11,21,41,up,up,,
2013,07,11,21,42,up,up,,
2013,07,11,21,43,up,up,,
2013,07,11,21,44,up,up,,
2013,07,11,21,45,up,up,,
2013,07,11,21,46,up,up,,
2013,07,11,21,47,up,up,,
2013,07,11,21,48,up,up,,
2013,07,11,21,49,up,up,,
2013,07,11,21,50,up,up,,
2013,07,11,21,51,up,up,,
2013,07,11,21,52,up,up,,
2013,07,11,21,53,up,up,,
2013,07,11,21,54,up,up,,
2013,07,11,21,55,up,up,,
2013,07,11,21,56,up,up,,
2013,07,11,21,57,up,up,,
2013,07,11,21,58,up,up,,
2013,07,11,21,59,up,up,,
2013,07,11,22,00,up,up,,
2013,07,11,22,01,up,up,,
2013,07,11,22,02,up,up,,
2013,07,11,22,03,up,up,,
2013,07,11,22,04,up,up,,
2013,07,11,22,05,up,up,,
2013,07,11,22,06,up,up,,
2013,07,11,22,07,up,up,,
2013,07,11,22,08,up,up,,
2013,07,11,22,09,up,up,,
2013,07,11,22,10,up,up,,
2013,07,11,22,11,up,up,,
2013,07,11,22,12,up,up,,
2013,07,11,22,13,up,up,,
2013,07,11,22,14,up,up,,
2013,07,11,22,15,up,up,,
2013,07,11,22,16,up,up,,
2013,07,11,22,17,up,up,,
2013,07,11,22,18,up,up,,
2013,07,11,22,19,up,up,,
2013,07,11,22,20,up,up,,
2013,07,11,22,21,up,up,,
2013,07,11,22,22,up,up,,
2013,07,11,22,23,up,up,,
2013,07,11,22,24,up,up,,
2013,07,11,22,25,up,up,,
2013,07,11,22,26,up,up,,
2013,07,11,22,27,up,up,,
2013,07,11,22,28,up,up,,
2013,07,11,22,29,up,up,,
2013,07,11,22,30,up,up,,
2013,07,11,22,31,up,up,,
2013,07,11,22,32,up,up,,
2013,07,11,22,33,up,up,,
2013,07,11,22,34,up,up,,
2013,07,11,22,35,up,up,,
2013,07,11,22,36,up,up,,
2013,07,11,22,37,up,up,,
2013,07,11,22,38,up,up,,
2013,07,11,22,39,up,up,,
2013,07,11,22,40,up,up,,
2013,07,11,22,41,up,up,,
2013,07,11,22,42,up,up,,
2013,07,11,22,43,up,up,,
2013,07,11,22,44,up,up,,
2013,07,11,22,45,up,up,,
2013,07,11,22,46,up,up,,
2013,07,11,22,47,up,up,,
2013,07,11,22,48,up,up,,
2013,07,11,22,49,up,up,,
2013,07,11,22,50,up,up,,
2013,07,11,22,51,up,up,,
2013,07,11,22,52,up,up,,
2013,07,11,22,53,up,up,,
2013,07,11,22,54,up,up,,
2013,07,11,22,55,up,up,,
2013,07,11,22,56,up,up,,
2013,07,11,22,57,up,up,,
2013,07,11,22,58,up,up,,
2013,07,11,22,59,up,up,,
2013,07,11,23,00,up,up,,
2013,07,11,23,01,up,up,,
2013,07,11,23,02,up,up,,
2013,07,11,23,03,up,up,,
2013,07,11,23,04,up,up,,
2013,07,11,23,05,up,up,,
2013,07,11,23,06,up,up,,
2013,07,11,23,07,up,up,,
2013,07,11,23,08,up,up,,
2013,07,11,23,09,up,up,,
2013,07,11,23,10,up,up,,
2013,07,11,23,11,up,up,,
2013,07,11,23,12,up,up,,
2013,07,11,23,13,up,up,,
2013,07,11,23,14,up,up,,
2013,07,11,23,15,up,up,,
2013,07,11,23,16,up,up,,
2013,07,11,23,17,up,up,,
2013,07,11,23,18,up,up,,
2013,07,11,23,19,up,up,,
2013,07,11,23,20,up,up,,
2013,07,11,23,21,up,up,,
2013,07,11,23,22,up,up,,
2013,07,11,23,23,up,up,,
2013,07,11,23,24,up,up,,
2013,07,11,23,25,up,up,,
2013,07,11,23,26,up,up,,
2013,07,11,23,27,up,up,,
2013,07,11,23,28,up,up,,
2013,07,11,23,29,up,up,,
2013,07,11,23,30,up,up,,
2013,07,11,23,31,up,up,,
2013,07,11,23,32,up,up,,
2013,07,11,23,33,up,up,,
2013,07,11,23,34,up,up,,
2013,07,11,23,35,up,up,,
2013,07,11,23,36,up,up,,
2013,07,11,23,37,up,up,,
2013,07,11,23,38,up,up,,
2013,07,11,23,39,up,up,,
2013,07,11,23,40,up,up,,
2013,07,11,23,41,up,up,,
2013,07,11,23,42,up,up,,
2013,07,11,23,43,up,up,,
2013,07,11,23,44,up,up,,
2013,07,11,23,45,up,up,,
2013,07,11,23,46,up,up,,
2013,07,11,23,47,up,up,,
2013,07,11,23,48,up,up,,
2013,07,11,23,49,up,up,,
2013,07,11,23,50,up,up,,
2013,07,11,23,51,up,up,,
2013,07,11,23,52,up,up,,
2013,07,11,23,53,up,up,,
2013,07,11,23,54,up,up,,
2013,07,11,23,55,up,up,,
2013,07,11,23,56,up,up,,
2013,07,11,23,57,up,up,,
2013,07,11,23,58,up,up,,
2013,07,11,23,59,up,up,,
2013,07,12,00,00,up,up,,
2013,07,12,00,01,up,up,,
2013,07,12,00,02,up,up,,
2013,07,12,00,03,up,up,,
2013,07,12,00,04,up,up,,
2013,07,12,00,05,up,up,,
2013,07,12,00,06,up,up,,
2013,07,12,00,07,up,up,,
2013,07,12,00,08,up,up,,
2013,07,12,00,09,up,up,,
2013,07,12,00,10,up,up,,
2013,07,12,00,11,up,up,,
2013,07,12,00,12,up,up,,
2013,07,12,00,13,up,up,,
2013,07,12,00,14,up,up,,
2013,07,12,00,15,up,up,,
2013,07,12,00,16,up,up,,
2013,07,12,00,17,up,up,,
2013,07,12,00,18,up,up,,
2013,07,12,00,19,up,up,,
2013,07,12,00,20,up,up,,
2013,07,12,00,21,up,up,,
2013,07,12,00,22,up,up,,
2013,07,12,00,23,up,up,,
2013,07,12,00,24,up,up,,
2013,07,12,00,25,up,up,,
2013,07,12,00,26,up,up,,
2013,07,12,00,27,up,up,,
2013,07,12,00,28,up,up,,
2013,07,12,00,29,up,up,,
2013,07,12,00,30,up,up,,
2013,07,12,00,31,up,up,,
2013,07,12,00,32,up,up,,
2013,07,12,00,33,up,up,,
2013,07,12,00,34,up,up,,
2013,07,12,00,35,up,up,,
2013,07,12,00,36,up,up,,
2013,07,12,00,37,up,up,,
2013,07,12,00,38,up,up,,
2013,07,12,00,39,up,up,,
2013,07,12,00,40,up,up,,
2013,07,12,00,41,up,up,,
2013,07,12,00,42,up,up,,
2013,07,12,00,43,up,up,,
2013,07,12,00,44,up,up,,
2013,07,12,00,45,up,up,,
2013,07,12,00,46,up,up,,
2013,07,12,00,47,up,up,,
2013,07,12,00,48,up,up,,
2013,07,12,00,49,up,up,,
2013,07,12,00,50,up,up,,
2013,07,12,00,51,up,up,,
2013,07,12,00,52,up,up,,
2013,07,12,00,53,up,up,,
2013,07,12,00,54,up,up,,
2013,07,12,00,55,up,up,,
2013,07,12,00,56,up,up,,
2013,07,12,00,57,up,up,,
2013,07,12,00,58,up,up,,
2013,07,12,00,59,up,up,,
2013,07,12,01,00,up,up,,
2013,07,12,01,01,up,up,,
2013,07,12,01,02,up,up,,
2013,07,12,01,03,up,up,,
2013,07,12,01,04,up,up,,
2013,07,12,01,05,up,up,,
2013,07,12,01,06,up,up,,
2013,07,12,01,07,up,up,,
2013,07,12,01,08,up,up,,
2013,07,12,01,09,up,up,,
2013,07,12,01,10,up,up,,
2013,07,12,01,11,up,up,,
2013,07,12,01,12,up,up,,
2013,07,12,01,13,up,up,,
2013,07,12,01,14,up,up,,
2013,07,12,01,15,up,up,,
2013,07,12,01,16,up,up,,
2013,07,12,01,17,up,up,,
2013,07,12,01,18,up,up,,
2013,07,12,01,19,up,up,,
2013,07,12,01,20,up,up,,
2013,07,12,01,21,up,up,,
2013,07,12,01,22,up,up,,
2013,07,12,01,23,up,up,,
2013,07,12,01,24,up,up,,
2013,07,12,01,25,up,up,,
2013,07,12,01,26,up,up,,
2013,07,12,01,27,up,up,,
2013,07,12,01,28,up,up,,
2013,07,12,01,29,up,up,,
2013,07,12,01,30,up,up,,
2013,07,12,01,31,up,up,,
2013,07,12,01,32,up,up,,
2013,07,12,01,33,up,up,,
2013,07,12,01,34,up,up,,
2013,07,12,01,35,up,up,,
2013,07,12,01,36,up,up,,
2013,07,12,01,37,up,up,,
2013,07,12,01,38,up,up,,
2013,07,12,01,39,up,up,,
2013,07,12,01,40,up,up,,
2013,07,12,01,41,up,up,,
2013,07,12,01,42,up,up,,
2013,07,12,01,43,up,up,,
2013,07,12,01,44,up,up,,
2013,07,12,01,45,up,up,,
2013,07,12,01,46,up,up,,
2013,07,12,01,47,up,up,,
2013,07,12,01,48,up,up,,
2013,07,12,01,49,up,up,,
2013,07,12,01,50,up,up,,
2013,07,12,01,51,up,up,,
2013,07,12,01,52,up,up,,
2013,07,12,01,53,up,up,,
2013,07,12,01,54,up,up,,
2013,07,12,01,55,up,up,,
2013,07,12,01,56,up,up,,
2013,07,12,01,57,up,up,,
2013,07,12,01,58,up,up,,
2013,07,12,01,59,up,up,,
2013,07,12,02,00,up,up,,
2013,07,12,02,01,up,up,,
2013,07,12,02,02,up,up,,
2013,07,12,02,03,up,up,,
2013,07,12,02,04,up,up,,
2013,07,12,02,05,up,up,,
2013,07,12,02,06,up,up,,
2013,07,12,02,07,up,up,,
2013,07,12,02,08,up,up,,
2013,07,12,02,09,up,up,,
2013,07,12,02,10,up,up,,
2013,07,12,02,11,up,up,,
2013,07,12,02,12,up,up,,
2013,07,12,02,13,up,up,,
2013,07,12,02,14,up,up,,
2013,07,12,02,15,up,up,,
2013,07,12,02,16,up,up,,
2013,07,12,02,17,up,up,,
2013,07,12,02,18,up,up,,
2013,07,12,02,19,up,up,,
2013,07,12,02,20,up,up,,
2013,07,12,02,21,up,up,,
2013,07,12,02,22,up,up,,
2013,07,12,02,23,up,up,,
2013,07,12,02,24,up,up,,
2013,07,12,02,25,up,up,,
2013,07,12,02,26,up,up,,
2013,07,12,02,27,up,up,,
2013,07,12,02,28,up,up,,
2013,07,12,02,29,up,up,,
2013,07,12,02,30,up,up,,
2013,07,12,02,31,up,up,,
2013,07,12,02,32,up,up,,
2013,07,12,02,33,up,up,,
2013,07,12,02,34,up,up,,
2013,07,12,02,35,up,up,,
2013,07,12,02,36,up,up,,
2013,07,12,02,37,up,up,,
2013,07,12,02,38,up,up,,
2013,07,12,02,39,up,up,,
2013,07,12,02,40,up,up,,
2013,07,12,02,41,up,up,,
2013,07,12,02,42,up,up,,
2013,07,12,02,43,up,up,,
2013,07,12,02,44,up,up,,
2013,07,12,02,45,up,up,,
2013,07,12,02,46,up,up,,
2013,07,12,02,47,up,up,,
2013,07,12,02,48,up,up,,
2013,07,12,02,49,up,up,,
2013,07,12,02,50,up,up,,
2013,07,12,02,51,up,up,,
2013,07,12,02,52,up,up,,
2013,07,12,02,53,up,up,,
2013,07,12,02,54,up,up,,
2013,07,12,02,55,up,up,,
2013,07,12,02,56,up,up,,
2013,07,12,02,57,up,up,,
2013,07,12,02,58,up,up,,
2013,07,12,02,59,up,up,,
2013,07,12,03,00,up,up,,
2013,07,12,03,01,up,up,,
2013,07,12,03,02,up,up,,
2013,07,12,03,03,up,up,,
2013,07,12,03,04,up,up,,
2013,07,12,03,05,up,up,,
2013,07,12,03,06,up,up,,
2013,07,12,03,07,up,up,,
2013,07,12,03,08,up,up,,
2013,07,12,03,09,up,up,,
2013,07,12,03,10,up,up,,
2013,07,12,03,11,up,up,,
2013,07,12,03,12,up,up,,
2013,07,12,03,13,up,up,,
2013,07,12,03,14,up,up,,
2013,07,12,03,15,up,up,,
2013,07,12,03,16,up,up,,
2013,07,12,03,17,up,up,,
2013,07,12,03,18,up,up,,
2013,07,12,03,19,up,up,,
2013,07,12,03,20,up,up,,
2013,07,12,03,21,up,up,,
2013,07,12,03,22,up,up,,
2013,07,12,03,23,up,up,,
2013,07,12,03,24,up,up,,
2013,07,12,03,25,up,up,,
2013,07,12,03,26,up,up,,
2013,07,12,03,27,up,up,,
2013,07,12,03,28,up,up,,
2013,07,12,03,29,up,up,,
2013,07,12,03,30,up,up,,
2013,07,12,03,31,up,up,,
2013,07,12,03,32,up,up,,
2013,07,12,03,33,up,up,,
2013,07,12,03,34,up,up,,
2013,07,12,03,35,up,up,,
2013,07,12,03,36,up,up,,
2013,07,12,03,37,up,up,,
2013,07,12,03,38,up,up,,
2013,07,12,03,39,up,up,,
2013,07,12,03,40,up,up,,
2013,07,12,03,41,up,up,,
2013,07,12,03,42,up,up,,
2013,07,12,03,43,up,up,,
2013,07,12,03,44,up,up,,
2013,07,12,03,45,up,up,,
2013,07,12,03,46,up,up,,
2013,07,12,03,47,up,up,,
2013,07,12,03,48,up,up,,
2013,07,12,03,49,up,up,,
2013,07,12,03,50,up,up,,
2013,07,12,03,51,up,up,,
2013,07,12,03,52,up,up,,
2013,07,12,03,53,up,up,,
2013,07,12,03,54,up,up,,
2013,07,12,03,55,up,up,,
2013,07,12,03,56,up,up,,
2013,07,12,03,57,up,up,,
2013,07,12,03,58,up,up,,
2013,07,12,03,59,up,up,,
2013,07,12,04,00,up,up,,
2013,07,12,04,01,up,up,,
2013,07,12,04,02,up,up,,
2013,07,12,04,03,up,up,,
2013,07,12,04,04,up,up,,
2013,07,12,04,05,up,up,,
2013,07,12,04,06,up,up,,
2013,07,12,04,07,up,up,,
2013,07,12,04,08,up,up,,
2013,07,12,04,09,up,up,,
2013,07,12,04,10,up,up,,
2013,07,12,04,11,up,up,,
2013,07,12,04,12,up,up,,
2013,07,12,04,13,up,up,,
2013,07,12,04,14,up,up,,
2013,07,12,04,15,up,up,,
2013,07,12,04,16,up,up,,
2013,07,12,04,17,up,up,,
2013,07,12,04,18,up,up,,
2013,07,12,04,19,up,up,,
2013,07,12,04,20,up,up,,
2013,07,12,04,21,up,up,,
2013,07,12,04,22,up,up,,
2013,07,12,04,23,up,up,,
2013,07,12,04,24,up,up,,
2013,07,12,04,25,up,up,,
2013,07,12,04,26,up,up,,
2013,07,12,04,27,up,up,,
2013,07,12,04,28,up,up,,
2013,07,12,04,29,up,up,,
2013,07,12,04,30,up,up,,
2013,07,12,04,31,up,up,,
2013,07,12,04,32,up,up,,
2013,07,12,04,33,up,up,,
2013,07,12,04,34,up,up,,
2013,07,12,04,35,up,up,,
2013,07,12,04,36,up,up,,
2013,07,12,04,37,up,up,,
2013,07,12,04,38,up,up,,
2013,07,12,04,39,up,up,,
2013,07,12,04,40,up,up,,
2013,07,12,04,41,up,up,,
2013,07,12,04,42,up,up,,
2013,07,12,04,43,up,up,,
2013,07,12,04,44,up,up,,
2013,07,12,04,45,up,up,,
2013,07,12,04,46,up,up,,
2013,07,12,04,47,up,up,,
2013,07,12,04,48,up,up,,
2013,07,12,04,49,up,up,,
2013,07,12,04,50,up,up,,
2013,07,12,04,51,up,up,,
2013,07,12,04,52,up,up,,
2013,07,12,04,53,up,up,,
2013,07,12,04,54,up,up,,
2013,07,12,04,55,up,up,,
2013,07,12,04,56,up,up,,
2013,07,12,04,57,up,up,,
2013,07,12,04,58,up,up,,
2013,07,12,04,59,up,up,,
2013,07,12,05,00,up,up,,
2013,07,12,05,01,up,up,,
2013,07,12,05,02,up,up,,
2013,07,12,05,03,up,up,,
2013,07,12,05,04,up,up,,
2013,07,12,05,05,up,up,,
2013,07,12,05,06,up,up,,
2013,07,12,05,07,up,up,,
2013,07,12,05,08,up,up,,
2013,07,12,05,09,up,up,,
2013,07,12,05,10,up,up,,
2013,07,12,05,11,up,up,,
2013,07,12,05,12,up,up,,
2013,07,12,05,13,up,up,,
2013,07,12,05,14,up,up,,
2013,07,12,05,15,up,up,,
2013,07,12,05,16,up,up,,
2013,07,12,05,17,up,up,,
2013,07,12,05,18,up,up,,
2013,07,12,05,19,up,up,,
2013,07,12,05,20,up,up,,
2013,07,12,05,21,up,up,,
2013,07,12,05,22,up,up,,
2013,07,12,05,23,up,up,,
2013,07,12,05,24,up,up,,
2013,07,12,05,25,up,up,,
2013,07,12,05,26,up,up,,
2013,07,12,05,27,up,up,,
2013,07,12,05,28,up,up,,
2013,07,12,05,29,up,up,,
2013,07,12,05,30,up,up,,
2013,07,12,05,31,up,up,,
2013,07,12,05,32,up,up,,
2013,07,12,05,33,up,up,,
2013,07,12,05,34,up,up,,
2013,07,12,05,35,up,up,,
2013,07,12,05,36,up,up,,
2013,07,12,05,37,up,up,,
2013,07,12,05,38,up,up,,
2013,07,12,05,39,up,up,,
2013,07,12,05,40,up,up,,
2013,07,12,05,41,up,up,,
2013,07,12,05,42,up,up,,
2013,07,12,05,43,up,up,,
2013,07,12,05,44,up,up,,
2013,07,12,05,45,up,up,,
2013,07,12,05,46,up,up,,
2013,07,12,05,47,up,up,,
2013,07,12,05,48,up,up,,
2013,07,12,05,49,up,up,,
2013,07,12,05,50,up,up,,
2013,07,12,05,51,up,up,,
2013,07,12,05,52,up,up,,
2013,07,12,05,53,up,up,,
2013,07,12,05,54,up,up,,
2013,07,12,05,55,up,up,,
2013,07,12,05,56,up,up,,
2013,07,12,05,57,up,up,,
2013,07,12,05,58,up,up,,
2013,07,12,05,59,up,up,,
2013,07,12,06,00,up,up,,
2013,07,12,06,01,up,up,,
2013,07,12,06,02,up,up,,
2013,07,12,06,03,up,up,,
2013,07,12,06,04,up,up,,
2013,07,12,06,05,up,up,,
2013,07,12,06,06,up,up,,
2013,07,12,06,07,up,up,,
2013,07,12,06,08,up,up,,
2013,07,12,06,09,up,up,,
2013,07,12,06,10,up,up,,
2013,07,12,06,11,up,up,,
2013,07,12,06,12,up,up,,
2013,07,12,06,13,up,up,,
2013,07,12,06,14,up,up,,
2013,07,12,06,15,up,up,,
2013,07,12,06,16,up,up,,
2013,07,12,06,17,up,up,,
2013,07,12,06,18,up,up,,
2013,07,12,06,19,up,up,,
2013,07,12,06,20,up,up,,
2013,07,12,06,21,up,up,,
2013,07,12,06,22,up,up,,
2013,07,12,06,23,up,up,,
2013,07,12,06,24,up,up,,
2013,07,12,06,25,up,up,,
2013,07,12,06,26,up,up,,
2013,07,12,06,27,up,up,,
2013,07,12,06,28,up,up,,
2013,07,12,06,29,up,up,,
2013,07,12,06,30,up,up,,
2013,07,12,06,31,up,up,,
2013,07,12,06,32,up,up,,
2013,07,12,06,33,up,up,,
2013,07,12,06,34,up,up,,
2013,07,12,06,35,up,up,,
2013,07,12,06,36,up,up,,
2013,07,12,06,37,up,up,,
2013,07,12,06,38,up,up,,
2013,07,12,06,39,up,up,,
2013,07,12,06,40,up,up,,
2013,07,12,06,41,up,up,,
2013,07,12,06,42,up,up,,
2013,07,12,06,43,up,up,,
2013,07,12,06,44,up,up,,
2013,07,12,06,45,up,up,,
2013,07,12,06,46,up,up,,
2013,07,12,06,47,up,up,,
2013,07,12,06,48,up,up,,
2013,07,12,06,49,up,up,,
2013,07,12,06,50,up,up,,
2013,07,12,06,51,up,up,,
2013,07,12,06,52,up,up,,
2013,07,12,06,53,up,up,,
2013,07,12,06,54,up,up,,
2013,07,12,06,55,up,up,,
2013,07,12,06,56,up,up,,
2013,07,12,06,57,up,up,,
2013,07,12,06,58,up,up,,
2013,07,12,06,59,up,up,,
2013,07,12,07,00,up,up,,
2013,07,12,07,01,up,up,,
2013,07,12,07,02,up,up,,
2013,07,12,07,03,up,up,,
2013,07,12,07,04,up,up,,
2013,07,12,07,05,up,up,,
2013,07,12,07,06,up,up,,
2013,07,12,07,07,up,up,,
2013,07,12,07,08,up,up,,
2013,07,12,07,09,up,up,,
2013,07,12,07,10,up,up,,
2013,07,12,07,11,up,up,,
2013,07,12,07,12,up,up,,
2013,07,12,07,13,up,up,,
2013,07,12,07,14,up,up,,
2013,07,12,07,15,up,up,,
2013,07,12,07,16,up,up,,
2013,07,12,07,17,up,up,,
2013,07,12,07,18,up,up,,
2013,07,12,07,19,up,up,,
2013,07,12,07,20,up,up,,
2013,07,12,07,21,up,up,,
2013,07,12,07,22,up,up,,
2013,07,12,07,23,up,up,,
2013,07,12,07,24,up,up,,
2013,07,12,07,25,up,up,,
2013,07,12,07,26,up,up,,
2013,07,12,07,27,up,up,,
2013,07,12,07,28,up,up,,
2013,07,12,07,29,up,up,,
2013,07,12,07,30,up,up,,
2013,07,12,07,31,up,up,,
2013,07,12,07,32,up,up,,
2013,07,12,07,33,up,up,,
2013,07,12,07,34,up,up,,
2013,07,12,07,35,up,up,,
2013,07,12,07,36,up,up,,
2013,07,12,07,37,up,up,,
2013,07,12,07,38,up,up,,
2013,07,12,07,39,up,up,,
2013,07,12,07,40,up,up,,
2013,07,12,07,41,up,up,,
2013,07,12,07,42,up,up,,
2013,07,12,07,43,up,up,,
2013,07,12,07,44,up,up,,
2013,07,12,07,45,up,up,,
2013,07,12,07,46,up,up,,
2013,07,12,07,47,up,up,,
2013,07,12,07,48,up,up,,
2013,07,12,07,49,up,up,,
2013,07,12,07,50,up,up,,
2013,07,12,07,51,up,up,,
2013,07,12,07,52,up,up,,
2013,07,12,07,53,up,up,,
2013,07,12,07,54,up,up,,
2013,07,12,07,55,up,up,,
2013,07,12,07,56,up,up,,
2013,07,12,07,57,up,up,,
2013,07,12,07,58,up,up,,
2013,07,12,07,59,up,up,,
2013,07,12,08,00,up,up,,
,,,,,,,,
EXPERIMENTAL ADDITION,,,,,,,,
THE FOLLOWING FORMULAS MAY OR MAY NOT WORK OR BE ACCURATE,,,,,,,,
IF YOU HAVE PROBLEMS CHECK THAT THE REFERENCES AND RANGES ARE CORRECT,,,,,,,,
,,,,,,,,
Total minutes down in the last 24hrs (8a-8a),,,,,"=COUNTIF(F2:F1444,""DOWN!"")","=COUNTIF(G2:G1444,""DOWN!"")","=COUNTIF(H2:H1444,""DOWN!"")","=COUNTIF(I2:I1444,""DOWN!"")"
Percent uptime in the last 24hrs (8a-8a),,,,,=100-(F1446/1440),=100-(G1446/1440),=100-(H1446/1440),=100-(I1446/1440)
